Country,Latitude,longitude,Name,Flag
AD,42.546245,1.601554,Andorra,ğŸ‡¦ğŸ‡©
AE,23.424076,53.847818,United Arab Emirates,ğŸ‡¦ğŸ‡ª
AF,33.93911,67.709953,Afghanistan,ğŸ‡¦ğŸ‡«
AG,17.060816,-61.796428,Antigua and Barbuda,ğŸ‡¦ğŸ‡¬
AI,18.220554,-63.068615,Anguilla,ğŸ‡¦ğŸ‡®
AL,41.153332,20.168331,Albania,ğŸ‡¦ğŸ‡±
AM,40.069099,45.038189,Armenia,ğŸ‡¦ğŸ‡²
AN,12.226079,-69.060087,Netherlands Antilles,ğŸ‡¦ğŸ‡³
AO,-11.202692,17.873887,Angola,ğŸ‡¦ğŸ‡´
AQ,-75.250973,-0.071389,Antarctica,ğŸ‡¦ğŸ‡¶
AR,-38.416097,-63.616672,Argentina,ğŸ‡¦ğŸ‡·
AS,-14.270972,-170.132217,American Samoa,ğŸ‡¦ğŸ‡¸
AT,47.516231,14.550072,Austria,ğŸ‡¦ğŸ‡¹
AU,-25.274398,133.775136,Australia,ğŸ‡¦ğŸ‡º
AW,12.52111,-69.968338,Aruba,ğŸ‡¦ğŸ‡¼
AZ,40.143105,47.576927,Azerbaijan,ğŸ‡¦ğŸ‡¿
BA,43.915886,17.679076,Bosnia and Herzegovina,ğŸ‡§ğŸ‡¦
BB,13.193887,-59.543198,Barbados,ğŸ‡§ğŸ‡§
BD,23.684994,90.356331,Bangladesh,ğŸ‡§ğŸ‡©
BE,50.503887,4.469936,Belgium,ğŸ‡§ğŸ‡ª
BF,12.238333,-1.561593,Burkina Faso,ğŸ‡§ğŸ‡«
BG,42.733883,25.48583,Bulgaria,ğŸ‡§ğŸ‡¬
BH,25.930414,50.637772,Bahrain,ğŸ‡§ğŸ‡­
BI,-3.373056,29.918886,Burundi,ğŸ‡§ğŸ‡®
BJ,9.30769,2.315834,Benin,ğŸ‡§ğŸ‡¯
BM,32.321384,-64.75737,Bermuda,ğŸ‡§ğŸ‡²
BN,4.535277,114.727669,Brunei,ğŸ‡§ğŸ‡³
BO,-16.290154,-63.588653,Bolivia,ğŸ‡§ğŸ‡´
BR,-14.235004,-51.92528,Brazil,ğŸ‡§ğŸ‡·
BS,25.03428,-77.39628,Bahamas,ğŸ‡§ğŸ‡¸
BT,27.514162,90.433601,Bhutan,ğŸ‡§ğŸ‡¹
BV,-54.423199,3.413194,Bouvet Island,ğŸ‡§ğŸ‡»
BW,-22.328474,24.684866,Botswana,ğŸ‡§ğŸ‡¼
BY,53.709807,27.953389,Belarus,ğŸ‡§ğŸ‡¾
BZ,17.189877,-88.49765,Belize,ğŸ‡§ğŸ‡¿
CA,56.130366,-106.346771,Canada,ğŸ‡¨ğŸ‡¦
CC,-12.164165,96.870956,Cocos [Keeling] Islands,ğŸ‡¨ğŸ‡¨
CD,-4.038333,21.758664,Congo [DRC],ğŸ‡¨ğŸ‡©
CF,6.611111,20.939444,Central African Republic,ğŸ‡¨ğŸ‡«
CG,-0.228021,15.827659,Congo [Republic],ğŸ‡¨ğŸ‡¬
CH,46.818188,8.227512,Switzerland,ğŸ‡¨ğŸ‡­
CI,7.539989,-5.54708,CÃ´te d'Ivoire,ğŸ‡¨ğŸ‡®
CK,-21.236736,-159.777671,Cook Islands,ğŸ‡¨ğŸ‡°
CL,-35.675147,-71.542969,Chile,ğŸ‡¨ğŸ‡±
CM,7.369722,12.354722,Cameroon,ğŸ‡¨ğŸ‡²
CN,35.86166,104.195397,China,ğŸ‡¨ğŸ‡³
CO,4.570868,-74.297333,Colombia,ğŸ‡¨ğŸ‡´
CR,9.748917,-83.753428,Costa Rica,ğŸ‡¨ğŸ‡·
CU,21.521757,-77.781167,Cuba,ğŸ‡¨ğŸ‡º
CV,16.002082,-24.013197,Cape Verde,ğŸ‡¨ğŸ‡»
CX,-10.447525,105.690449,Christmas Island,ğŸ‡¨ğŸ‡½
CY,35.126413,33.429859,Cyprus,ğŸ‡¨ğŸ‡¾
CZ,49.817492,15.472962,Czech Republic,ğŸ‡¨ğŸ‡¿
DE,51.165691,10.451526,Germany,ğŸ‡©ğŸ‡ª
DJ,11.825138,42.590275,Djibouti,ğŸ‡©ğŸ‡¯
DK,56.26392,9.501785,Denmark,ğŸ‡©ğŸ‡°
DM,15.414999,-61.370976,Dominica,ğŸ‡©ğŸ‡²
DO,18.735693,-70.162651,Dominican Republic,ğŸ‡©ğŸ‡´
DZ,28.033886,1.659626,Algeria,ğŸ‡©ğŸ‡¿
EC,-1.831239,-78.183406,Ecuador,ğŸ‡ªğŸ‡¨
EE,58.595272,25.013607,Estonia,ğŸ‡ªğŸ‡ª
EG,26.820553,30.802498,Egypt,ğŸ‡ªğŸ‡¬
EH,24.215527,-12.885834,Western Sahara,ğŸ‡ªğŸ‡­
ER,15.179384,39.782334,Eritrea,ğŸ‡ªğŸ‡·
ES,40.463667,-3.74922,Spain,ğŸ‡ªğŸ‡¸
ET,9.145,40.489673,Ethiopia,ğŸ‡ªğŸ‡¹
FI,61.92411,25.748151,Finland,ğŸ‡«ğŸ‡®
FJ,-16.578193,179.414413,Fiji,ğŸ‡«ğŸ‡¯
FK,-51.796253,-59.523613,Falkland Islands [Islas Malvinas],ğŸ‡«ğŸ‡°
FM,7.425554,150.550812,Micronesia,ğŸ‡«ğŸ‡²
FO,61.892635,-6.911806,Faroe Islands,ğŸ‡«ğŸ‡´
FR,46.227638,2.213749,France,ğŸ‡«ğŸ‡·
GA,-0.803689,11.609444,Gabon,ğŸ‡¬ğŸ‡¦
GB,55.378051,-3.435973,United Kingdom,ğŸ‡¬ğŸ‡§
GD,12.262776,-61.604171,Grenada,ğŸ‡¬ğŸ‡©
GE,42.315407,43.356892,Georgia,ğŸ‡¬ğŸ‡ª
GF,3.933889,-53.125782,French Guiana,ğŸ‡¬ğŸ‡«
GG,49.465691,-2.585278,Guernsey,ğŸ‡¬ğŸ‡¬
GH,7.946527,-1.023194,Ghana,ğŸ‡¬ğŸ‡­
GI,36.137741,-5.345374,Gibraltar,ğŸ‡¬ğŸ‡®
GL,71.706936,-42.604303,Greenland,ğŸ‡¬ğŸ‡±
GM,13.443182,-15.310139,Gambia,ğŸ‡¬ğŸ‡²
GN,9.945587,-9.696645,Guinea,ğŸ‡¬ğŸ‡³
GP,16.995971,-62.067641,Guadeloupe,ğŸ‡¬ğŸ‡µ
GQ,1.650801,10.267895,Equatorial Guinea,ğŸ‡¬ğŸ‡¶
GR,39.074208,21.824312,Greece,ğŸ‡¬ğŸ‡·
GS,-54.429579,-36.587909,South Georgia and the South Sandwich Islands,ğŸ‡¬ğŸ‡¸
GT,15.783471,-90.230759,Guatemala,ğŸ‡¬ğŸ‡¹
GU,13.444304,144.793731,Guam,ğŸ‡¬ğŸ‡º
GW,11.803749,-15.180413,Guinea-Bissau,ğŸ‡¬ğŸ‡¼
GY,4.860416,-58.93018,Guyana,ğŸ‡¬ğŸ‡¾
GZ,31.354676,34.308825,Gaza Strip,
HK,22.396428,114.109497,Hong Kong,ğŸ‡­ğŸ‡°
HM,-53.08181,73.504158,Heard Island and McDonald Islands,ğŸ‡­ğŸ‡²
HN,15.199999,-86.241905,Honduras,ğŸ‡­ğŸ‡³
HR,45.1,15.2,Croatia,ğŸ‡­ğŸ‡·
HT,18.971187,-72.285215,Haiti,ğŸ‡­ğŸ‡¹
HU,47.162494,19.503304,Hungary,ğŸ‡­ğŸ‡º
ID,-0.789275,113.921327,Indonesia,ğŸ‡®ğŸ‡©
IE,53.41291,-8.24389,Ireland,ğŸ‡®ğŸ‡ª
IL,31.046051,34.851612,Israel,ğŸ‡®ğŸ‡±
IM,54.236107,-4.548056,Isle of Man,ğŸ‡®ğŸ‡²
IN,20.593684,78.96288,India,ğŸ‡®ğŸ‡³
IO,-6.343194,71.876519,British Indian Ocean Territory,ğŸ‡®ğŸ‡´
IQ,33.223191,43.679291,Iraq,ğŸ‡®ğŸ‡¶
IR,32.427908,53.688046,Iran,ğŸ‡®ğŸ‡·
IS,64.963051,-19.020835,Iceland,ğŸ‡®ğŸ‡¸
IT,41.87194,12.56738,Italy,ğŸ‡®ğŸ‡¹
JE,49.214439,-2.13125,Jersey,ğŸ‡¯ğŸ‡ª
JM,18.109581,-77.297508,Jamaica,ğŸ‡¯ğŸ‡²
JO,30.585164,36.238414,Jordan,ğŸ‡¯ğŸ‡´
JP,36.204824,138.252924,Japan,ğŸ‡¯ğŸ‡µ
KE,-0.023559,37.906193,Kenya,ğŸ‡°ğŸ‡ª
KG,41.20438,74.766098,Kyrgyzstan,ğŸ‡°ğŸ‡¬
KH,12.565679,104.990963,Cambodia,ğŸ‡°ğŸ‡­
KI,-3.370417,-168.734039,Kiribati,ğŸ‡°ğŸ‡®
KM,-11.875001,43.872219,Comoros,ğŸ‡°ğŸ‡²
KN,17.357822,-62.782998,Saint Kitts and Nevis,ğŸ‡°ğŸ‡³
KP,40.339852,127.510093,North Korea,ğŸ‡°ğŸ‡µ
KR,35.907757,127.766922,South Korea,ğŸ‡°ğŸ‡·
KW,29.31166,47.481766,Kuwait,ğŸ‡°ğŸ‡¼
KY,19.513469,-80.566956,Cayman Islands,ğŸ‡°ğŸ‡¾
KZ,48.019573,66.923684,Kazakhstan,ğŸ‡°ğŸ‡¿
LA,19.85627,102.495496,Laos,ğŸ‡±ğŸ‡¦
LB,33.854721,35.862285,Lebanon,ğŸ‡±ğŸ‡§
LC,13.909444,-60.978893,Saint Lucia,ğŸ‡±ğŸ‡¨
LI,47.166,9.555373,Liechtenstein,ğŸ‡±ğŸ‡®
LK,7.873054,80.771797,Sri Lanka,ğŸ‡±ğŸ‡°
LR,6.428055,-9.429499,Liberia,ğŸ‡±ğŸ‡·
LS,-29.609988,28.233608,Lesotho,ğŸ‡±ğŸ‡¸
LT,55.169438,23.881275,Lithuania,ğŸ‡±ğŸ‡¹
LU,49.815273,6.129583,Luxembourg,ğŸ‡±ğŸ‡º
LV,56.879635,24.603189,Latvia,ğŸ‡±ğŸ‡»
LY,26.3351,17.228331,Libya,ğŸ‡±ğŸ‡¾
MA,31.791702,-7.09262,Morocco,ğŸ‡²ğŸ‡¦
MC,43.750298,7.412841,Monaco,ğŸ‡²ğŸ‡¨
MD,47.411631,28.369885,Moldova,ğŸ‡²ğŸ‡©
ME,42.708678,19.37439,Montenegro,ğŸ‡²ğŸ‡ª
MG,-18.766947,46.869107,Madagascar,ğŸ‡²ğŸ‡¬
MH,7.131474,171.184478,Marshall Islands,ğŸ‡²ğŸ‡­
MK,41.608635,21.745275,Macedonia [FYROM],ğŸ‡²ğŸ‡°
ML,17.570692,-3.996166,Mali,ğŸ‡²ğŸ‡±
MM,21.913965,95.956223,Myanmar [Burma],ğŸ‡²ğŸ‡²
MN,46.862496,103.846656,Mongolia,ğŸ‡²ğŸ‡³
MO,22.198745,113.543873,Macau,ğŸ‡²ğŸ‡´
MP,17.33083,145.38469,Northern Mariana Islands,ğŸ‡²ğŸ‡µ
MQ,14.641528,-61.024174,Martinique,ğŸ‡²ğŸ‡¶
MR,21.00789,-10.940835,Mauritania,ğŸ‡²ğŸ‡·
MS,16.742498,-62.187366,Montserrat,ğŸ‡²ğŸ‡¸
MT,35.937496,14.375416,Malta,ğŸ‡²ğŸ‡¹
MU,-20.348404,57.552152,Mauritius,ğŸ‡²ğŸ‡º
MV,3.202778,73.22068,Maldives,ğŸ‡²ğŸ‡»
MW,-13.254308,34.301525,Malawi,ğŸ‡²ğŸ‡¼
MX,23.634501,-102.552784,Mexico,ğŸ‡²ğŸ‡½
MY,4.210484,101.975766,Malaysia,ğŸ‡²ğŸ‡¾
MZ,-18.665695,35.529562,Mozambique,ğŸ‡²ğŸ‡¿
NA,-22.95764,18.49041,Namibia,ğŸ‡³ğŸ‡¦
NC,-20.904305,165.618042,New Caledonia,ğŸ‡³ğŸ‡¨
NE,17.607789,8.081666,Niger,ğŸ‡³ğŸ‡ª
NF,-29.040835,167.954712,Norfolk Island,ğŸ‡³ğŸ‡«
NG,9.081999,8.675277,Nigeria,ğŸ‡³ğŸ‡¬
NI,12.865416,-85.207229,Nicaragua,ğŸ‡³ğŸ‡®
NL,52.132633,5.291266,Netherlands,ğŸ‡³ğŸ‡±
NO,60.472024,8.468946,Norway,ğŸ‡³ğŸ‡´
NP,28.394857,84.124008,Nepal,ğŸ‡³ğŸ‡µ
NR,-0.522778,166.931503,Nauru,ğŸ‡³ğŸ‡·
NU,-19.054445,-169.867233,Niue,ğŸ‡³ğŸ‡º
NZ,-40.900557,174.885971,New Zealand,ğŸ‡³ğŸ‡¿
OM,21.512583,55.923255,Oman,ğŸ‡´ğŸ‡²
PA,8.537981,-80.782127,Panama,ğŸ‡µğŸ‡¦
PE,-9.189967,-75.015152,Peru,ğŸ‡µğŸ‡ª
PF,-17.679742,-149.406843,French Polynesia,ğŸ‡µğŸ‡«
PG,-6.314993,143.95555,Papua New Guinea,ğŸ‡µğŸ‡¬
PH,12.879721,121.774017,Philippines,ğŸ‡µğŸ‡­
PK,30.375321,69.345116,Pakistan,ğŸ‡µğŸ‡°
PL,51.919438,19.145136,Poland,ğŸ‡µğŸ‡±
PM,46.941936,-56.27111,Saint Pierre and Miquelon,ğŸ‡µğŸ‡²
PN,-24.703615,-127.439308,Pitcairn Islands,ğŸ‡µğŸ‡³
PR,18.220833,-66.590149,Puerto Rico,ğŸ‡µğŸ‡·
PS,31.952162,35.233154,Palestinian Territories,ğŸ‡µğŸ‡¸
PT,39.399872,-8.224454,Portugal,ğŸ‡µğŸ‡¹
PW,7.51498,134.58252,Palau,ğŸ‡µğŸ‡¼
PY,-23.442503,-58.443832,Paraguay,ğŸ‡µğŸ‡¾
QA,25.354826,51.183884,Qatar,ğŸ‡¶ğŸ‡¦
RE,-21.115141,55.536384,RÃ©union,ğŸ‡·ğŸ‡ª
RO,45.943161,24.96676,Romania,ğŸ‡·ğŸ‡´
RS,44.016521,21.005859,Serbia,ğŸ‡·ğŸ‡¸
RU,61.52401,105.318756,Russia,ğŸ‡·ğŸ‡º
RW,-1.940278,29.873888,Rwanda,ğŸ‡·ğŸ‡¼
SA,23.885942,45.079162,Saudi Arabia,ğŸ‡¸ğŸ‡¦
SB,-9.64571,160.156194,Solomon Islands,ğŸ‡¸ğŸ‡§
SC,-4.679574,55.491977,Seychelles,ğŸ‡¸ğŸ‡¨
SD,12.862807,30.217636,Sudan,ğŸ‡¸ğŸ‡©
SE,60.128161,18.643501,Sweden,ğŸ‡¸ğŸ‡ª
SG,1.352083,103.819836,Singapore,ğŸ‡¸ğŸ‡¬
SH,-24.143474,-10.030696,Saint Helena,ğŸ‡¸ğŸ‡­
SI,46.151241,14.995463,Slovenia,ğŸ‡¸ğŸ‡®
SJ,77.553604,23.670272,Svalbard and Jan Mayen,ğŸ‡¸ğŸ‡¯
SK,48.669026,19.699024,Slovakia,ğŸ‡¸ğŸ‡°
SL,8.460555,-11.779889,Sierra Leone,ğŸ‡¸ğŸ‡±
SM,43.94236,12.457777,San Marino,ğŸ‡¸ğŸ‡²
SN,14.497401,-14.452362,Senegal,ğŸ‡¸ğŸ‡³
SO,5.152149,46.199616,Somalia,ğŸ‡¸ğŸ‡´
SR,3.919305,-56.027783,Suriname,ğŸ‡¸ğŸ‡·
ST,0.18636,6.613081,SÃ£o TomÃ© and PrÃ­ncipe,ğŸ‡¸ğŸ‡¹
SV,13.794185,-88.89653,El Salvador,ğŸ‡¸ğŸ‡»
SY,34.802075,38.996815,Syria,ğŸ‡¸ğŸ‡¾
SZ,-26.522503,31.465866,Swaziland,ğŸ‡¸ğŸ‡¿
TC,21.694025,-71.797928,Turks and Caicos Islands,ğŸ‡¹ğŸ‡¨
TD,15.454166,18.732207,Chad,ğŸ‡¹ğŸ‡©
TF,-49.280366,69.348557,French Southern Territories,ğŸ‡¹ğŸ‡«
TG,8.619543,0.824782,Togo,ğŸ‡¹ğŸ‡¬
TH,15.870032,100.992541,Thailand,ğŸ‡¹ğŸ‡­
TJ,38.861034,71.276093,Tajikistan,ğŸ‡¹ğŸ‡¯
TK,-8.967363,-171.855881,Tokelau,ğŸ‡¹ğŸ‡°
TL,-8.874217,125.727539,Timor-Leste,ğŸ‡¹ğŸ‡±
TM,38.969719,59.556278,Turkmenistan,ğŸ‡¹ğŸ‡²
TN,33.886917,9.537499,Tunisia,ğŸ‡¹ğŸ‡³
TO,-21.178986,-175.198242,Tonga,ğŸ‡¹ğŸ‡´
TR,38.963745,35.243322,Turkey,ğŸ‡¹ğŸ‡·
TT,10.691803,-61.222503,Trinidad and Tobago,ğŸ‡¹ğŸ‡¹
TV,-7.109535,177.64933,Tuvalu,ğŸ‡¹ğŸ‡»
TW,23.69781,120.960515,Taiwan,ğŸ‡¹ğŸ‡¼
TZ,-6.369028,34.888822,Tanzania,ğŸ‡¹ğŸ‡¿
UA,48.379433,31.16558,Ukraine,ğŸ‡ºğŸ‡¦
UG,1.373333,32.290275,Uganda,ğŸ‡ºğŸ‡¬
UM,,,U.S. Minor Outlying Islands,ğŸ‡ºğŸ‡²
US,37.09024,-95.712891,United States,ğŸ‡ºğŸ‡¸
UY,-32.522779,-55.765835,Uruguay,ğŸ‡ºğŸ‡¾
UZ,41.377491,64.585262,Uzbekistan,ğŸ‡ºğŸ‡¿
VA,41.902916,12.453389,Vatican City,ğŸ‡»ğŸ‡¦
VC,12.984305,-61.287228,Saint Vincent and the Grenadines,ğŸ‡»ğŸ‡¨
VE,6.42375,-66.58973,Venezuela,ğŸ‡»ğŸ‡ª
VG,18.420695,-64.639968,British Virgin Islands,ğŸ‡»ğŸ‡¬
VI,18.335765,-64.896335,U.S. Virgin Islands,ğŸ‡»ğŸ‡®
VN,14.058324,108.277199,Vietnam,ğŸ‡»ğŸ‡³
VU,-15.376706,166.959158,Vanuatu,ğŸ‡»ğŸ‡º
WF,-13.768752,-177.156097,Wallis and Futuna,ğŸ‡¼ğŸ‡«
WS,-13.759029,-172.104629,Samoa,ğŸ‡¼ğŸ‡¸
XK,42.602636,20.902977,Kosovo,ğŸ‡½ğŸ‡°
YE,15.552727,48.516388,Yemen,ğŸ‡¾ğŸ‡ª
YT,-12.8275,45.166244,Mayotte,ğŸ‡¾ğŸ‡¹
ZA,-30.559482,22.937506,South Africa,ğŸ‡¿ğŸ‡¦
ZM,-13.133897,27.849332,Zambia,ğŸ‡¿ğŸ‡²
ZW,-19.015438,29.154857,Zimbabwe,ğŸ‡¿ğŸ‡¼
